{"has_eventID": "", "has_title": "anna,--visite-guidate-alla-mostra-culto--di--e--iconografia-", "has_type": "", "has_mode": "offline", "has_cost": {"has_ticketID": "", "has_event": "", "has_freeEntrance": false, "has_onlineBooking": true, "has_extraBenefits": "", "has_totalPurchase": 0, "has_price": "https://www.museodiocesanotridentino.it", "has_currency": "EUR", "has_purchaser": null}, "has_link": "https://www.crushsite.it/it/mostre/2021/anna-la-madre-di-maria-culto-e-iconografia-nel-tirolo-storico.htmlAnna,", "has_targetAge": "", "has_edition": 0, "has_festivalStatus": false, "has_language": ["it-IT"], "has_start": "2021-10-24 16.00", "has_end": "2021-10-24 00:00:00", "has_recurrency": false, "has_organizer": "la madre maria. nel storico tirolo museo diocesano tridentino", "has_specialAnnouncements": "Mandatory online Booking. Le prenotazioni vanno effettuate con almeno 15 giorni di anticipo", "has_description": "pIn occasione della mostra a la madre di Maria. Culto e iconografia nel Tirolo storicoa il Museo Diocesano Tridentino propone un calendario di visite guidate, condotte da educatori museali appositamente formati. Le visite sono consentite per gruppi di massimo 15 persone. Prenotazione obbligatoria al numero 0461.234419 fino ad esaurimento posti disponibili. La visita guidata \u00e8 compresa nel biglietto d' ingresso alla mostra o al Museo Calendario visite guidate per singoli visitatori: Domenica 10 ottobre 2021, ore 16.00 Domenica 24 ottobre 2021, ore 16.00 Domenica 7 novembre 2021, ore 16.00 Domenica 21 novembre 2021, ore 16.00 Domenica 5 dicembre 2021, ore 16.00 Visite guidate per gruppi di adulti I gruppi organizzati interessati a prenotare una visita guidata alla mostra possono telefonare al numero 0461.891311 nei seguenti orari: luned\u00ec, mercoled\u00ec e gioved\u00ec: 10.30 - 12.30 14.30 - 15.30; marted\u00ec e venerd\u00ec: 10.30 - 12.30. \u00c8 anche possibile scrivere una mail a prenotazioni@mdtn.it. Le prenotazioni vanno effettuate con almeno 15 giorni danticipo Informazioni:  https://www.crushsite.it/it/mostre/2021/anna-la-madre-di-maria-culto-e-iconografia-nel-tirolo-storico.htmlAnna,", "has_terminated": true, "has_hashtag": [], "has_distance": false, "has_schedule": "", "has_transportMode": [], "has_venue": "Museo Diocesano, P.zza Duomo 18,  Trento", "has_virtualLocation": "", "has_superEvent": ""}