{"has_eventID": "", "has_title": "antropologia-dellallattamento", "has_type": "", "has_mode": "online", "has_cost": {"has_ticketID": "", "has_event": "", "has_freeEntrance": false, "has_onlineBooking": true, "has_extraBenefits": "", "has_totalPurchase": 0, "has_price": "", "has_currency": "EUR", "has_purchaser": null}, "has_link": "http://www.museostorico.it/index.php/Il-Museo/Appuntamenti/2021/Invito-al-webinar-Antropologia-dell-allattamento", "has_targetAge": "", "has_edition": 0, "has_festivalStatus": false, "has_language": ["it-IT"], "has_start": "2021-10-21 15.30", "has_end": "2021-10-21 00:00:00", "has_recurrency": false, "has_organizer": "fondazione museo storico del trentino", "has_specialAnnouncements": "                                                                                                                                           ", "has_description": "pDodicesimo incontro nellambito del progetto LA VIA LATTEA: CULTURE E STORIE DI (STRA)ORDINARI ALLATTAMENTI. Tale progetto, promosso dalla Fondazione Museo storico del Trentino assieme a varie istituzioni pubbliche e private intende sollecitare, attraverso varie iniziative, unampia riflessione sul tema dellallattamento, esplorandone storicamente e in prospettiva transdisciplinare le molteplici componenti culturali, sociali e nutrizionali che lo collegano per tanti aspetti alla cura della prima infanzia Gioved\u00ec 21 ottobre alle 15.30 si propone il webinar dal titolo ANTROPOLGIA DELLALLATTAMENTO. Dialoga con i relatori Emanuela Renzetti, antropologa Intervengono: Vanessa Maher, antropologa; Cristina Papa, antropologa, presidente della Fondazione Angelo Celli per una cultura della salute, Perugia; Gianfranca Ranisio, professore ordinario di Antropologia culturale presso l' Universit\u00e0 di Napoli Federico II e vicepresidente della Societ\u00e0 italiana di antropologia medica (SIAM) Informazioni e programma webinar completo:  http://www.museostorico.it/index.php/Il-Museo/Appuntamenti/2021/Invito-al-webinar-Antropologia-dell-allattamento", "has_terminated": true, "has_hashtag": [], "has_distance": false, "has_schedule": "", "has_transportMode": [], "has_venue": " ", "has_virtualLocation": "http://www.museostorico.it/index.php/Il-Museo/Appuntamenti/2021/Invito-al-webinar-Antropologia-dell-allattamento", "has_superEvent": ""}