{"has_eventID": "", "has_title": "arte-autunno-in-piazza", "has_type": "", "has_mode": "offline", "has_cost": {"has_ticketID": "", "has_event": "", "has_freeEntrance": false, "has_onlineBooking": true, "has_extraBenefits": "", "has_totalPurchase": 0, "has_price": "https://www.comune.cles.tn.it/Vivi-Cles/Eventi-e-manifestazioni/ARTE-AUTUNNO-IN-PIAZZA", "has_currency": "EUR", "has_purchaser": null}, "has_link": "https://www.comune.cles.tn.it/Vivi-Cles/Eventi-e-manifestazioni/ARTE-AUTUNNO-IN-PIAZZA", "has_targetAge": "", "has_edition": "2\u00b0", "has_festivalStatus": false, "has_language": ["it-IT"], "has_start": "2021-10-23  10.00", "has_end": "2021-10-23 2021-10-23 17:00:00", "has_recurrency": false, "has_organizer": "comune di cles", "has_specialAnnouncements": "                                                          ", "has_description": "puSabato 23 ottobreu dalle 10.00 alle 17.00 avr\u00e0 luogo la 2\u00b0 edizione di \u0093Arte autunno in piazza\u0094, una mostra a cielo aperto passeggiando per Cles Artisti con le tecniche pittoriche pi\u00f9 diverse esporranno le loro opere trasformando il centro in una galleria di colori, dove tutti sono accolti Informazioni complete:  https://www.comune.cles.tn.it/Vivi-Cles/Eventi-e-manifestazioni/ARTE-AUTUNNO-IN-PIAZZA", "has_terminated": false, "has_hashtag": [], "has_distance": false, "has_schedule": "yearly", "has_transportMode": [], "has_venue": "Centro storico, Cles  (Tn)", "has_virtualLocation": "", "has_superEvent": ""}