{"has_eventID": "", "has_title": "claudio--presentazione-del-libro-costruttore--dematt\u00e8,--di-", "has_type": "", "has_mode": "offline", "has_cost": {"has_ticketID": "", "has_event": "", "has_freeEntrance": false, "has_onlineBooking": true, "has_extraBenefits": "", "has_totalPurchase": 0, "has_price": "", "has_currency": "EUR", "has_purchaser": null}, "has_link": "http://www.museostorico.it/index.php/Il-Museo/Appuntamenti/2021/Presentazione-del-libro-Claudio-Dematte-costruttore-di-talenti", "has_targetAge": "", "has_edition": 0, "has_festivalStatus": false, "has_language": ["it-IT"], "has_start": "2021-10-23 10.30", "has_end": "2021-10-23 00:00:00", "has_recurrency": true, "has_organizer": "talenti fondazione museo storico del trentino", "has_specialAnnouncements": "                                                                                        ", "has_description": "pLa Fondazione Museo storico del Trentino e lAssociazione Amici di Claudio Dematt\u00e8 invitano alla presentazione del libro CLAUDIO DEMATT\u00c8, COSTRUTTORE DI FUTURO E DI TALENTI a cura di Mauro Marcantoni, Roberto Nicastro e Michele Andreaus (IASA Edizioni, 2021) Il libro ripercorre, a quasi vent' anni dalla sua scomparsa, la vita e la figura del noto economista trentino, presidente di Rai e di Ferrovie dello Stato, fondatore della Scuola di Direzione Aziendale (SDA) dellUniversit\u00e0 Bocconi Informazioni complete, programma e prenotazioni:  http://www.museostorico.it/index.php/Il-Museo/Appuntamenti/2021/Presentazione-del-libro-Claudio-Dematte-costruttore-di-talenti", "has_terminated": true, "has_hashtag": [], "has_distance": false, "has_schedule": "", "has_transportMode": [], "has_venue": "Le Gallerie, Piazza di Piedicastello,  Trento", "has_virtualLocation": "", "has_superEvent": ""}