{"has_eventID": "", "has_title": "corsi-di-lingua", "has_type": "", "has_mode": "online", "has_cost": {"has_ticketID": "", "has_event": "", "has_freeEntrance": false, "has_onlineBooking": true, "has_extraBenefits": "", "has_totalPurchase": 0, "has_price": "https://www.cooperform.it/area-tematica/corsi-di-lingua/", "has_currency": "EUR", "has_purchaser": null}, "has_link": "https://www.crushsite.it/it/didattica/azb-scuola-di-lingue.htmlAZB/a.br/", "has_targetAge": "", "has_edition": 0, "has_festivalStatus": false, "has_language": ["it-IT"], "has_start": "2020-10-13", "has_end": "2021-12-31 00:00:00", "has_recurrency": false, "has_organizer": "azb by cooperform", "has_specialAnnouncements": "                                                                                                                        ", "has_description": "pImparare una nuova lingua pu\u00f2 sembrare difficile, ma grazie ai nostri corsi a Bolzano e alla nostra esperienza pluriennale, l' apprendimento di una nuova lingua sar\u00e0 facile e divertente. Puoi scegliere di seguire un corso per migliorare le tue conoscenze linguistiche, per preparati all' esame per la certificazione linguistica oppure per apprendere da zero una nuova lingua straniera Corsi di lingue per tutte le et\u00e0, in aula e online, per tutti i livelli. Lingue europee ed extra europee, corsi standard o intensivi, in base alle tue esigenze, ai tuoi impegni e ai tuoi obiettivi personali Scegli la lingua, acquista il corso pi\u00f9 adatto a te ed inizia subito ad imparare con a Elenco corsi:  https://www.crushsite.it/it/didattica/azb-scuola-di-lingue.htmlAZB/a.br/", "has_terminated": false, "has_hashtag": [], "has_distance": false, "has_schedule": "", "has_transportMode": [], "has_venue": " ", "has_virtualLocation": "https://www.cooperform.it/area-tematica/corsi-di-lingua/", "has_superEvent": ""}