{"has_eventID": "", "has_title": "esperienze--rovereto-e-vallagarina", "has_type": "", "has_mode": "offline", "has_cost": {"has_ticketID": "", "has_event": "", "has_freeEntrance": false, "has_onlineBooking": true, "has_extraBenefits": "", "has_totalPurchase": 0, "has_price": "https://www.visitrovereto.it/vivi/esperienze/outdoor/", "has_currency": "EUR", "has_purchaser": null}, "has_link": "http://www.visitrovereto.it/vivi/esperienze/", "has_targetAge": "", "has_edition": 0, "has_festivalStatus": true, "has_language": ["it-IT"], "has_start": "2021-05-01", "has_end": "2021-12-31 00:00:00", "has_recurrency": false, "has_organizer": "a.p.t. rovereto e vallagarina", "has_specialAnnouncements": "                                                                                                                                                                                                                                                                                                                                                                         ", "has_description": "pLa Vallagarina \u00e8 una valle da vivere. Qui, ad attenderti tutto l' anno, un ricco calendario di esperienze a tema cultura, enogastronomia e outdoor Sei un amante della vita cittadina? Per te abbiamo in serbo speciali visite guidate, festival internazionali di musica e danza e mostre d' arte, storia e scienza nei musei e nelle vie del centro storico della citt\u00e0 di Rovereto Ami conoscere un territorio partendo dai suoi prodotti d' eccellenza? Passeggia fra i vigneti e raggiungi le piccole cantine a conduzione famigliare e i genuini produttori della valle per una degustazione oppure fermati presso uno dei numerosi ristoranti per assaggiare i nostri sapori Preferisci le attivit\u00e0 all' aria aperta? Eccoti accontentato: pi\u00f9 di 90km di piste ciclabili e una vasta rete di itinerari in quota da percorrere a piedi o con la tua mountain bike Scegli l' esperienza in Vallagarina che fa per te! Esperienze culturali Esperienze top tra arte e cultura La Vallagarina \u00e8 una valle effervescente, tutto l' anno ti accoglie con mostre a tema arte, storia, scienza nei suoi musei, festival internazionali di musica e danza nei suoi teatri e visite guidate nelle vie del centro storico Esplora la citt\u00e0 attraverso le nostre visite guidate, sui percorsi della seta, sulle tracce della storia, sulle vie di Depero, alla scoperta dei luoghi pi\u00f9 suggestivi di Rovereto Vivi la tua esperienza culturale in Vallagarina! a nel sito APT Roveretoa Esperienze enogastronomiche Esperienze top fra cantine, produttori e ristoranti Vallagarina: la valle del gusto. Qui le cantine, i produttori e i ristoranti ti aspettano per stupirti con menu tematici, speciali degustazioni, laboratori 5 sensi e passeggiate fra i vigneti Vivi la tua esperienza enogastronomica in Vallagarina! a nel sito APT Roveretoa Esperienze outdoor Escursioni guidate: esperienze top fra vigneti, boschi e laghi Se sei un amante dell' attivit\u00e0 all' aria aperta, questa \u00e8 la valle che fa per te! Nel fondovalle trovi la pianeggiante pista ciclabile Adige lunga pi\u00f9 di 90 km, circondata da maestosi castelli e verdi vigneti. Preferisci le esperienze in quota accompagnato da guide esperte del territorio? Abbiamo quello che fa per te Vivi la tua esperienza outdoor in Vallagarina! a nel sito APT Roveretoap", "has_terminated": false, "has_hashtag": [], "has_distance": false, "has_schedule": "", "has_transportMode": [], "has_venue": " Rovereto", "has_virtualLocation": "", "has_superEvent": ""}