{"has_eventID": "", "has_title": "festival-informatici-senza-frontiere", "has_type": "", "has_mode": "online", "has_cost": {"has_ticketID": "", "has_event": "", "has_freeEntrance": true, "has_onlineBooking": false, "has_extraBenefits": "", "has_totalPurchase": 0, "has_price": "", "has_currency": "EUR", "has_purchaser": null}, "has_link": "http://festival.informaticisenzafrontiere.org", "has_targetAge": "", "has_edition": "fe", "has_festivalStatus": true, "has_language": ["it-IT"], "has_start": "2021-10-21", "has_end": "2021-10-23 00:00:00", "has_recurrency": true, "has_organizer": "impact hub", "has_specialAnnouncements": "Online Booking Required                                                                                                                        ", "has_description": "D come digitale Torna a Rovereto da gioved\u00ec 21 a sabato 23 ottobre 2021 il Festival di Informatici Senza Frontiere. La tre giorni di innovazione sociale quest' anno, alla sua 5^ edizione, si intitola D come digitale e affronta contenuti cruciali legati all' impatto che l' innovazione ha sulla societ\u00e0 e sul suo sviluppo, con un taglio tutto al femminile per contribuire alla diffusione della cultura delle pari opportunit\u00e0 tra donne e uomini in un settore storicamente sotto-rappresentato dalle donne e al contempo strategico per lo sviluppo economico e sociale del nostro paese. L' obiettivo \u00e8 quello di mostrare il profilo delle donne nella tecnologia e, nel fare ci\u00f2, incoraggiare sempre pi\u00f9 giovani donne a intraprendere una carriera nelle STEM Il festival propone talk, incontri e laboratori - sia dal vivo sia online - e anche una mostra, un film e uno spettacolo teatrale. I temi trattati grazie alla presenza di ricercatrici e scienziate, rappresentanti delle Istituzioni, professoresse universitarie, giornaliste, filosofe, imprenditrici ed esperte di informatica, sono molto vari. Si parler\u00e0 di: implicazioni delle tecnologie digitali sulla nostra vita e sulla societ\u00e0, rapporto fra l' uomo e lintelligenza artificiale, contrasto al Digital Divide, tecnologia al servizio dei disabili e degli anziani, uso etico e senza stereotipi delle nuove tecnologie e empowerment femminile, utilizzo dei big data, didattica a distanza, deep fake e difesa della privacy online Il Festival si svolger\u00e0 a Rovereto in corso Bettini e avr\u00e0 la sua sede principale al Teatro Zandonai. Tutti gli incontri sono gratuiti, ma richiedono prenotazione (per accedere alle sale sar\u00e0 richiesto Green Pass). La maggior parte degli incontri saranno trasmessi in diretta streaming sul canale a di ISFa Il programma si pu\u00f2 consultare sul sito a Il festival \u00e8 organizzato da Informatici senza frontiere in partnership con il Comune di Rovereto. \u00c8 curato da Impact Hub Trentino e ha il sostegno di Provincia di Trento e Fondazione Caritro, il supporto di Capgemini, Var Group, UniCredit, Gruppo Dolomiti Energia, Generali Italia e Aused. \u00c8 EcoEvento Trentino, realizzato in collaborazione con Iprase, FBK, Mart e Azienda per il turismo Rovereto e Vallagarina con il patrocinio dell' Universit\u00e0 di Trento. Media partner sono cheFare e Luca Sossella editore Informazioni:  http://festival.informaticisenzafrontiere.org", "has_terminated": false, "has_hashtag": [], "has_distance": false, "has_schedule": "yearly", "has_transportMode": [], "has_venue": " Rovereto", "has_virtualLocation": "https://www.youtube.com/c/InformaticiSenzaFrontiere", "has_superEvent": ""}