{"has_eventID": "", "has_title": "io-vado-al-museo", "has_type": "", "has_mode": "offline", "has_cost": {"has_ticketID": "", "has_event": "", "has_freeEntrance": false, "has_onlineBooking": true, "has_extraBenefits": "", "has_totalPurchase": 0, "has_price": "https://www.visitrovereto.it/vivi/eventi/io-vado-al-museo/", "has_currency": "EUR", "has_purchaser": null}, "has_link": "https://www.visitrovereto.it/vivi/eventi/io-vado-al-museo/", "has_targetAge": "12 - 19", "has_edition": 0, "has_festivalStatus": false, "has_language": ["it-IT"], "has_start": "2021-10-27", "has_end": "2021-10-28 00:00:00", "has_recurrency": true, "has_organizer": "a.p.t. rovereto e vallagarina", "has_specialAnnouncements": "                                                                                                                                                         ", "has_description": "Attivit\u00e0 per ragazzi nei musei di Rovereto #iovadoalmuseo \u00e8 un ricco calendario di incontri pomeridiani nei Musei di Rovereto: il marted\u00ec al Museo Storico Italiano della Guerra, il mercoled\u00ec al Mart e il gioved\u00ec alla Fondazione Museo Civico. Hai tra i 12 e i 19 anni? Allora questi appuntamenti fanno al caso tuo! Vivi questa serie di esperienze in compagnia dei tuoi amici, oppure lasciati raccontare l' arte, la storia e le scienze dalle esperte guide dei musei! Al termine delle attivit\u00e0 riceverai anche un attestato di partecipazione, che riconoscer\u00e0 il tuo impegno e la tua dedizione nell' apprendere nuove conoscenze u27 ottobre | ore 15.00 e 16.30u Mart Visita guidata alla mostra \u0093Depero New Depero\u0094 S1-S2 u28 ottobre | ore 15.00 e 16.30u Fondazione Museo Civico di Rovereto Antichi abitanti della Vallagarina. Visita alle sale di archeologia del museo S1-S2 Informazioni complete e calendario settimanale:  https://www.visitrovereto.it/vivi/eventi/io-vado-al-museo/", "has_terminated": false, "has_hashtag": [], "has_distance": false, "has_schedule": "weekly", "has_transportMode": [], "has_venue": "Musei di  Rovereto", "has_virtualLocation": "", "has_superEvent": ""}