{"has_eventID": "", "has_title": "itaca-per-sempre--il-teatro-che-non-c\u00e8", "has_type": "", "has_mode": "offline", "has_cost": {"has_ticketID": "", "has_event": "", "has_freeEntrance": false, "has_onlineBooking": true, "has_extraBenefits": "", "has_totalPurchase": 0, "has_price": "https://spaziooff.com", "has_currency": "EUR", "has_purchaser": null}, "has_link": "https://www.facebook.com/events/1963465390500188/", "has_targetAge": "", "has_edition": 0, "has_festivalStatus": false, "has_language": ["it-IT"], "has_start": "2021-10-05", "has_end": "2021-10-22 00:00:00", "has_recurrency": false, "has_organizer": "spazio off, via venezia", "has_specialAnnouncements": "   ", "has_description": "  https://www.facebook.com/events/1963465390500188/", "has_terminated": false, "has_hashtag": [], "has_distance": false, "has_schedule": "", "has_transportMode": [], "has_venue": "Spazio Off, Via Venezia 5,  Trento", "has_virtualLocation": "", "has_superEvent": ""}