{"has_eventID": "", "has_title": "match-di-improvvisazione-teatrale", "has_type": "", "has_mode": "offline", "has_cost": {"has_ticketID": "", "has_event": "", "has_freeEntrance": false, "has_onlineBooking": true, "has_extraBenefits": "", "has_totalPurchase": 0, "has_price": "https://www.teatrosanmarco.it/calendario/", "has_currency": "EUR", "has_purchaser": null}, "has_link": "https://www.teatrosanmarco.it/calendario/", "has_targetAge": "", "has_edition": 0, "has_festivalStatus": false, "has_language": ["it-IT"], "has_start": "2021-10-22 21.00", "has_end": "2021-10-22 00:00", "has_recurrency": false, "has_organizer": "teatro san marco", "has_specialAnnouncements": "                  ", "has_description": "pMatch All Stars. Categoria professionisti - Brescia vs Roma Informazioni:  https://www.teatrosanmarco.it/calendario/", "has_terminated": false, "has_hashtag": [], "has_distance": false, "has_schedule": "", "has_transportMode": [], "has_venue": "Teatro San Marco, Via S. Bernardino,  Trento", "has_virtualLocation": "", "has_superEvent": ""}