{"has_eventID": "", "has_title": "obiettivo-su-dante", "has_type": "", "has_mode": "online", "has_cost": {"has_ticketID": "", "has_event": "", "has_freeEntrance": false, "has_onlineBooking": true, "has_extraBenefits": "", "has_totalPurchase": 0, "has_price": "https://www.ufficiostampa.provincia.tn.it/Mostra-virtuale-Obiettivo-su-Dante", "has_currency": "EUR", "has_purchaser": null}, "has_link": "https://www.ufficiostampa.provincia.tn.it/Mostra-virtuale-Obiettivo-su-Dante", "has_targetAge": "", "has_edition": 0, "has_festivalStatus": false, "has_language": ["it-IT"], "has_start": "2021-06-29", "has_end": "2021-12-31 00:00:00", "has_recurrency": false, "has_organizer": "ufficio stampa provincia autonoma di trento", "has_specialAnnouncements": "                                                   ", "has_description": "Il monumento al poeta nello sguardo dei fotografi (*) Mostra fotografica virtuale: - I primi decenni Uno sguardo ideologico; - Il secondo Novecento Lo sguardo curioso di Flavio. Faganello; - Nel terzo millennio Sguardi contemporanei InformazioniMostra virtuale:  https://www.ufficiostampa.provincia.tn.it/Mostra-virtuale-Obiettivo-su-Dante", "has_terminated": false, "has_hashtag": [], "has_distance": false, "has_schedule": "", "has_transportMode": [], "has_venue": " ", "has_virtualLocation": "https://www.ufficiostampa.provincia.tn.it/Mostra-virtuale-Obiettivo-su-Dante", "has_superEvent": ""}