{"has_eventID": "", "has_title": "ottobre-2020-al-#kairos-giovani", "has_type": "", "has_mode": "offline", "has_cost": {"has_ticketID": "", "has_event": "", "has_freeEntrance": true, "has_onlineBooking": false, "has_extraBenefits": "", "has_totalPurchase": 0, "has_price": "", "has_currency": "EUR", "has_purchaser": null}, "has_link": "https://www.perginegiovani.it/kairos-giovani/2021/programma-ottobre-2021/", "has_targetAge": "11-30", "has_edition": 0, "has_festivalStatus": false, "has_language": ["it-IT"], "has_start": "2021-10-01 14.30", "has_end": "2021-10-30 19.00", "has_recurrency": true, "has_organizer": "pergine giovani &amp; centro #kairos", "has_specialAnnouncements": "                                                                                 ", "has_description": "pL' autunno \u00e8 arrivato e con lui ripartono anche le nostre attivit\u00e0 settimanali! Lab creativi, attivit\u00e0 in lingua, spazio dedicato allo studio, uscite sul territorio e molto altro! Attivit\u00e0 libere e gratuite per giovani 11-30 anni Obbligo Green Pass Il Centro di Aggregazione Territoriale #Kairos Giovani \u00e8 aperto tutti i giorni dal luned\u00ec al sabato dalle 14.30 alle 19.00 e il venerd\u00ec sera dalle 20.00 alle 22.00 Il programma settimanale in PDF:  https://www.perginegiovani.it/kairos-giovani/2021/programma-ottobre-2021/", "has_terminated": false, "has_hashtag": [], "has_distance": false, "has_schedule": "weekly", "has_transportMode": [], "has_venue": "Centro di Aggregazione Territoriale #Kairos Giovani, Via Amstetten, 11", "has_virtualLocation": "", "has_superEvent": ""}