{"has_eventID": "", "has_title": "un-salto-nel-passato.-visita-animata-al-museo-della-guerra", "has_type": "", "has_mode": "offline", "has_cost": {"has_ticketID": "", "has_event": "", "has_freeEntrance": false, "has_onlineBooking": true, "has_extraBenefits": "", "has_totalPurchase": 0, "has_price": "https://www.museodellaguerra.it/un-salto-nel-passato-visita-animata-al-museo-della-guerra-2021/", "has_currency": "EUR", "has_purchaser": null}, "has_link": "https://www.visitrovereto.it/vivi/eventi/notte-blu-rovereto/", "has_targetAge": "", "has_edition": 0, "has_festivalStatus": false, "has_language": ["it-IT"], "has_start": "2021-10-23 11.00", "has_end": "2021-10-23 00:00:00", "has_recurrency": false, "has_organizer": "museo storico italiano della guerra", "has_specialAnnouncements": "                                                                                                                   ", "has_description": "pStrane cose accadono nelle sale del Museo della Guerra Tra oggetti parlanti e bizzarri personaggi vi aspetta un emozionante viaggio nella storia. Lasciatevi condurre da studiosi occhialuti e arcigni custodi all' interno del Castello di Rovereto, per ascoltare storie avvincenti narrate dai loro protagonisti. Per partecipare ci vogliono un po' di coraggio e tanta curiosit\u00e0 per fare insieme un salto nel passato! Promosso dal Museo della Guerra in collaborazione con la Compagnia delle Api Operose di Rovereto L' evento fa parte del programma di iniziative in programma per la a Blua dei Musei di Rovereto promossa da Apt Rovereto e Vallagarina Informazioni complete e modalit\u00e0 di partecipazione:  https://www.visitrovereto.it/vivi/eventi/notte-blu-rovereto/", "has_terminated": true, "has_hashtag": [], "has_distance": false, "has_schedule": "", "has_transportMode": [], "has_venue": "Museo Storico Italiano della Guerra, via Castelbarco 7,  Rovereto", "has_virtualLocation": "", "has_superEvent": ""}