{"has_eventID": "", "has_title": "una-visita-da-brivido---halloween-al-castello", "has_type": "", "has_mode": "offline", "has_cost": {"has_ticketID": "", "has_event": "", "has_freeEntrance": false, "has_onlineBooking": true, "has_extraBenefits": "", "has_totalPurchase": 0, "has_price": "https://www.fondoambiente.it/eventi/una-visita-da-brivido", "has_currency": "EUR", "has_purchaser": null}, "has_link": "http://www.castellodiavio.it", "has_targetAge": "", "has_edition": 0, "has_festivalStatus": false, "has_language": ["it-IT"], "has_start": "2021-10-29", "has_end": "2021-10-31 00:00:00", "has_recurrency": false, "has_organizer": "fai - castello di avio", "has_specialAnnouncements": "                                                         ", "has_description": "pUna speciale occasione di visita pensata per i pi\u00f9 piccoli e per le loro famiglie: un percorso guidato con vari interventi da parte di personaggi in costume per scoprire lantica storia del Castello di Avio e dei suoi protagonisti, fra racconti, letture e leggende Informazioni e prenotazioni:  http://www.castellodiavio.it", "has_terminated": true, "has_hashtag": [], "has_distance": false, "has_schedule": "", "has_transportMode": [], "has_venue": "Castello di Avio, Via al Castello, Sabbionara, Avio  (Tn)", "has_virtualLocation": "", "has_superEvent": ""}