{"has_eventID": "", "has_title": "variazioni-enigmatiche", "has_type": "", "has_mode": "offline", "has_cost": {"has_ticketID": "", "has_event": "", "has_freeEntrance": false, "has_onlineBooking": true, "has_extraBenefits": "", "has_totalPurchase": 0, "has_price": "", "has_currency": "EUR", "has_purchaser": null}, "has_link": "http://www.cofas.it/spettacoli-sul-territorio/variazioni-enigmatiche-1", "has_targetAge": "", "has_edition": 0, "has_festivalStatus": false, "has_language": ["it-IT"], "has_start": "2021-10-23 ", "has_end": "2021-10-23 00:00:00", "has_recurrency": false, "has_organizer": "teatro san marco", "has_specialAnnouncements": "         ", "has_description": "  http://www.cofas.it/spettacoli-sul-territorio/variazioni-enigmatiche-1", "has_terminated": true, "has_hashtag": [], "has_distance": false, "has_schedule": "", "has_transportMode": [], "has_venue": "Teatro S. Marco, Via S. Bernardino,  Trento", "has_virtualLocation": "", "has_superEvent": ""}