{"has_eventID": "", "has_title": "visita-guidata-al-muse", "has_type": "", "has_mode": "offline", "has_cost": {"has_ticketID": "", "has_event": "", "has_freeEntrance": false, "has_onlineBooking": true, "has_extraBenefits": "", "has_totalPurchase": 0, "has_price": "https://www.muse.it/it/Esplora/Eventi-Attivita/Archivio/Pagine/Visite-Guidate.aspx", "has_currency": "EUR", "has_purchaser": null}, "has_link": "https://www.muse.it/it/Esplora/Eventi-Attivita/Archivio/Pagine/Visite-Guidate.aspx", "has_targetAge": "", "has_edition": 0, "has_festivalStatus": false, "has_language": ["it-IT"], "has_start": "2021-07-01 15 11", "has_end": "2021-12-31", "has_recurrency": false, "has_organizer": "muse - museo delle scienze", "has_specialAnnouncements": "                                                                                                                                      ", "has_description": "La nostra ricca selezione di esperienze e di racconti render\u00e0 la vostra visita e l' apprezzamento del mondo naturale ancora pi\u00f9 piacevole e stimolante. Una visita alla scoperta delle gallerie del MUSE attraverso l' esplorazione degli \u0093imperdibili\u0094 L' affascinante e misterioso mondo dell' alta quota che offre sensazioni uniche che solo in questi ambienti si possono assaporare; il labirinto della biodiversit\u00e0 con 26 ambienti diversi per rivivere le emozioni della natura; l' evoluzione degli ambienti geologici del passato fra antiche montagne precedenti alle Alpi, vulcani, deserti, mari tropicali, scogliere coralline e profondit\u00e0 oceaniche; un viaggio nel tempo alla scoperta della vita dei nostri antenati preistorici; la sostenibilit\u00e0 vista in relazione alla forte velocit\u00e0 attraverso cui il mondo sta evolvendo Lasciati affascinare dal racconto della scienza! Informazioni complete e prenotazioni:  https://www.muse.it/it/Esplora/Eventi-Attivita/Archivio/Pagine/Visite-Guidate.aspx", "has_terminated": false, "has_hashtag": [], "has_distance": false, "has_schedule": "", "has_transportMode": [], "has_venue": "MUSE, Corso del lavoro e della scienza,  Trento", "has_virtualLocation": "", "has_superEvent": ""}