{"has_eventID": "", "has_title": "visita-guidata-al-castello-di-rovereto", "has_type": "", "has_mode": "offline", "has_cost": {"has_ticketID": "", "has_event": "", "has_freeEntrance": false, "has_onlineBooking": true, "has_extraBenefits": "", "has_totalPurchase": 0, "has_price": "https://www.museodellaguerra.it/visita-guidata-al-castello-24-10-21/", "has_currency": "EUR", "has_purchaser": null}, "has_link": "https://www.museodellaguerra.it/visita-guidata-al-castello-24-10-21/", "has_targetAge": "", "has_edition": 0, "has_festivalStatus": false, "has_language": ["it-IT"], "has_start": "2021-10-24 11.00", "has_end": "2021-10-24 00:00", "has_recurrency": false, "has_organizer": "museo storico italiano della guerra", "has_specialAnnouncements": "                                                                                                                                           ", "has_description": "pLa visita guidata \u00e8 un' occasione per conoscere il Castello di Rovereto, in particolare gli spazi realizzati all' epoca della Repubblica Serenissima di Venezia. Capolavoro dell' architettura militare del XV secolo, con la sua robusta cinta muraria e i possenti bastioni, il castello rappresenta un esempio unico di rocca veneziana in Trentino In compagnia di una guida \u00e8 possibile ascoltare la storia della sua costruzione e delle diverse funzioni che si trov\u00f2 a svolgere nel corso dei secoli, percorrendo suggestivi passaggi e cunicoli fino ad arrivare alle terrazze che offrono una spettacolare vista sulla citt\u00e0 All' interno dei torrioni Marino e Malipiero, ci si pu\u00f2 soffermare sulle collezioni di armi antiche e di armature, oltre che sugli strumenti di fabbricazione usati tra il medioevo e l' et\u00e0 moderna Informazioni complete e modalit\u00e0 di partecipazione:  https://www.museodellaguerra.it/visita-guidata-al-castello-24-10-21/", "has_terminated": false, "has_hashtag": [], "has_distance": false, "has_schedule": "", "has_transportMode": [], "has_venue": "Museo Storico Italiano della Guerra, via Castelbarco 7,  Rovereto", "has_virtualLocation": "", "has_superEvent": ""}