{"has_eventID": "", "has_title": "visita-al-museo-del-legno-e-museo-darte-moderna-di-scultura-lignea", "has_type": "", "has_mode": "offline", "has_cost": {"has_ticketID": "", "has_event": "", "has_freeEntrance": true, "has_onlineBooking": false, "has_extraBenefits": "", "has_totalPurchase": 0, "has_price": "", "has_currency": "EUR", "has_purchaser": null}, "has_link": "https://www.visitvalsugana.it/it/eventi-valsugana/visita-al-museo-del-legno-e-museo-darte-moderna-di_15529_idat/", "has_targetAge": "", "has_edition": 0, "has_festivalStatus": false, "has_language": ["it-IT"], "has_start": "2021-05-12 17", "has_end": "2021-10-27 00:00", "has_recurrency": false, "has_organizer": "a.p.t. valsugana lagorai", "has_specialAnnouncements": "           ", "has_description": "pAttivit\u00e0 gratuita Informazioni:  https://www.visitvalsugana.it/it/eventi-valsugana/visita-al-museo-del-legno-e-museo-darte-moderna-di_15529_idat/", "has_terminated": false, "has_hashtag": [], "has_distance": false, "has_schedule": "", "has_transportMode": [], "has_venue": "Castello Tesino  (Tn)", "has_virtualLocation": "", "has_superEvent": ""}